StartDate,EndDate,Status,IPAddress,Progress,Duration (in seconds),Finished,RecordedDate,ResponseId,RecipientLastName,RecipientFirstName,RecipientEmail,ExternalReference,LocationLatitude,LocationLongitude,DistributionChannel,UserLanguage,Q1,screener_1,screener_2,SC_age,SC_region,prolific_id,SC_gender,SC_ethnicity,SC_ethnicity_10_TEXT,SC_ethnicity_11_TEXT,SC_education,SC_education_8_TEXT,polknowledge_1,polknowledge_2,polknowledge_3,polknowledge_4,polknowledge_5,polknowledge_6,B01,B02,B02_11_TEXT,pid1,surveystatus,state,sourcetag
Start Date,End Date,Response Type,IP Address,Progress,Duration (in seconds),Finished,Recorded Date,Response ID,Recipient Last Name,Recipient First Name,Recipient Email,External Data Reference,Location Latitude,Location Longitude,Distribution Channel,User Language,"Public Opinion Survey
This survey is being conducted as part of an educational activity for the Summer Institute in Computational Social Science (https://compsocialscience.github.io/summer-institute/locations#2021) This survey will ask questions related to your opinions, your use of social media, and demographic information. The goal of the activity is to study public opinions. At the end of the project, we will remove individually identifying information and share the data with other researchers and students. If you are not comfortable having your de-identified responses shared, please do not participate in this survey. You are free to stop at any time or skip any opinion question that you want. If you have any questions please email K.lawall@lse.ac.uk.
By clicking ""I agree"" below you are indicating that you are at least 18 years of age, is a resident of the UK, have read the above, and agree to participate in this research activity.","Imagine a day where companies develop a product of microwavable apple pies on top of ice cream. Do you approve or disapprove of this product? Regardless of the true answer, please select ""Somewhat approve""","Which of the following statements comes closest to your view, even if neither is exactly right? Please select ""Barack Obama"".",How old are you?,Which country were you born in?,Please enter your Prolific ID,"Do you describe yourself as a woman, a man, or in some other way?",To which of these ethnic groups do you consider you belong? - Selected Choice,To which of these ethnic groups do you consider you belong? - Mixed origin - Text,To which of these ethnic groups do you consider you belong? - Other - Text,What is the highest educational qualification you have? - Selected Choice,What is the highest educational qualification you have? - Other qualification - Text,"Please state if you think that the following statements
are true or false: - Polling stations close at 10.00pm on election day.","Please state if you think that the following statements
are true or false: - No-one may stand for parliament unless they pay a deposit.","Please state if you think that the following statements
are true or false: - Only taxpayers are allowed to vote in a general election.","Please state if you think that the following statements
are true or false: - UK uses proportional representation for general elections.","Please state if you think that the following statements
are true or false: - MPs from different parties are on parliamentary committees.","Please state if you think that the following statements
are true or false: - The number of members of parliament is about 100.","Talking with people
about the general election on 12th December 2019, we have found that a lot of
people didn’t manage to vote. How about you, did you manage to vote in the
general election?","Which party did you
vote for in the 2019 general election? - Selected Choice","Which party did you
vote for in the 2019 general election? - Other - Text","Generally speaking, do you think of yourself as Labour, Conservative, Liberal Democrat, or what?",surveystatus,state,sourcetag
"{""ImportId"":""startDate"",""timeZone"":""Europe/Berlin""}","{""ImportId"":""endDate"",""timeZone"":""Europe/Berlin""}","{""ImportId"":""status""}","{""ImportId"":""ipAddress""}","{""ImportId"":""progress""}","{""ImportId"":""duration""}","{""ImportId"":""finished""}","{""ImportId"":""recordedDate"",""timeZone"":""Europe/Berlin""}","{""ImportId"":""_recordId""}","{""ImportId"":""recipientLastName""}","{""ImportId"":""recipientFirstName""}","{""ImportId"":""recipientEmail""}","{""ImportId"":""externalDataReference""}","{""ImportId"":""locationLatitude""}","{""ImportId"":""locationLongitude""}","{""ImportId"":""distributionChannel""}","{""ImportId"":""userLanguage""}","{""ImportId"":""QID1""}","{""ImportId"":""QID104""}","{""ImportId"":""QID105""}","{""ImportId"":""QID8_TEXT""}","{""ImportId"":""QID74""}","{""ImportId"":""QID103_TEXT""}","{""ImportId"":""QID13""}","{""ImportId"":""QID15""}","{""ImportId"":""QID15_10_TEXT""}","{""ImportId"":""QID15_11_TEXT""}","{""ImportId"":""QID12""}","{""ImportId"":""QID12_16_TEXT""}","{""ImportId"":""QID100_1""}","{""ImportId"":""QID100_2""}","{""ImportId"":""QID100_3""}","{""ImportId"":""QID100_4""}","{""ImportId"":""QID100_5""}","{""ImportId"":""QID100_6""}","{""ImportId"":""QID101""}","{""ImportId"":""QID102""}","{""ImportId"":""QID102_11_TEXT""}","{""ImportId"":""QID42""}","{""ImportId"":""surveystatus""}","{""ImportId"":""state""}","{""ImportId"":""sourcetag""}"
2021-06-17 12:49:27,2021-06-17 12:50:24,Survey Preview,,100,57,True,2021-06-17 12:50:25,R_qF4AEKrqADMI9LH,,,,,51.5290985107421875,0.052703857421875,preview,EN,I agree,,,40,Scotland,,Other,Asian-Indian origin,,,Postgraduate degree,,False,True,,True,,False,,,,SNP,complete,,
2021-06-17 12:49:13,2021-06-17 12:50:36,IP Address,77.165.192.66,100,83,True,2021-06-17 12:50:37,R_2Yilc68M0tXN0hO,,,,,52.3639984130859375,4.865997314453125,anonymous,EN,I agree,,,27,England,,Woman,White-British,,,First degree or equivalent,,True,False,,True,,True,"Yes, I voted.",Other,blabla,Labour,complete,,
2021-06-17 12:49:14,2021-06-17 12:50:36,IP Address,82.36.76.123,100,81,True,2021-06-17 12:50:37,R_3GB6YVT4RT3jdL0,,,,,51.5507049560546875,-0.09979248046875,anonymous,EN,I agree,,,25,Other,,Man,White-British,,,Postgraduate degree,,True,True,True,True,False,,"Yes, I voted.","Labour Party ",,Liberal Democrat,complete,,
2021-06-17 12:49:32,2021-06-17 12:50:41,IP Address,37.4.248.51,100,69,True,2021-06-17 12:50:41,R_2X0VosbjJ8yfstY,,,,,51.340301513671875,12.319793701171875,anonymous,EN,I agree,,,50,Other,,Man,Other,,,Postgraduate degree,,True,True,True,True,True,True,Prefer not to say,"Labour Party ",,Labour,complete,,
2021-06-17 12:51:14,2021-06-17 13:07:47,IP Address,77.165.192.66,100,993,True,2021-06-17 13:07:47,R_3EMDl8HKXCgjDpN,,,,,52.36639404296875,4.8495941162109375,anonymous,EN,I disagree,,,18,England,,Woman,White-British,,,First degree or equivalent,,False,True,True,True,True,False,"Yes, I voted.",Green Party,,Conservative,complete,,
2021-06-17 13:07:42,2021-06-17 13:08:30,Survey Preview,,100,47,True,2021-06-17 13:08:31,R_2TAJ3OOPOSgZWqH,,,,,51.5637969970703125,-0.076507568359375,preview,EN,I agree,Somewhat approve,Barack Obama,25,Other,dafdsfasdfasdfasdf,Man,White-other origin,,,Postgraduate degree,,,,,,,,Don’t know,Other,,Liberal Democrat,complete,,
2021-06-17 13:09:58,2021-06-17 13:10:45,IP Address,2.99.0.115,100,46,True,2021-06-17 13:10:46,R_2PppCBs8upbqQRQ,,,,,51.5290069580078125,-0.05999755859375,anonymous,EN,I agree,Somewhat approve,Mike Pence,27,Wales,,Man,Black-African origin,,,First degree or equivalent,,False,True,False,False,True,True,"No, I did not vote.",Scottish National Party,,Plaid Cymru,complete,,
2021-06-17 13:09:44,2021-06-17 13:10:51,Survey Preview,,100,66,True,2021-06-17 13:10:53,R_4JFXOGw2Cly2m8V,,,,,52.36639404296875,4.8495941162109375,preview,EN,I agree,Somewhat dissaprove,Mike Pence,18,England,12198948451465465fgjkwehfjhsk,Woman,White-British,,,Postgraduate degree,,True,False,False,,,,Prefer not to say,Conservative Party,,Liberal Democrat,complete,,
2021-06-17 13:28:31,2021-06-17 13:30:47,IP Address,79.69.251.62,100,136,True,2021-06-17 13:30:47,R_2cejpQKscrQaZZX,,,,,51.5554046630859375,0.6466064453125,anonymous,EN,I agree,Somewhat approve,Barack Obama,23,England,5bd4f33c4b4f9e0001130cc5,Man,Other,,Arab,A level or equivalent,,True,False,False,True,,,"No, I did not vote.",Don't remember/Don't know,,None,complete,,
2021-06-17 14:05:54,2021-06-17 14:05:54,Survey Test,,100,0,True,2021-06-17 14:05:54,R_bpYokagKvu7KjQy,,,,,51.5290069580078125,-0.05999755859375,test,,I disagree,Strongly dissaprove,Don't Know,Pellentesque tempora fringilla porta diam ullamcorper a! Imperdiet mi pellentesque tincidunt cursus.,Other,"Dignissim, odio! Ut? Dui gravida gravida, nec volutpat commodo nonummy non molestie culpa ut nunc.",Other,Other,,Laoreet ligula temporibus rutrum a wisi? Tincidunt sollicitudin sagittis. Vivamus potenti venenatis? Auctor enim scelerisque.,A level or equivalent,,False,True,False,True,False,,"No, I did not vote.",Other,"Erat primis potenti dui dapibus aliquam convallis potenti sapien, per nulla nec? Enim, tempus nunc.",Other party,complete,,
2021-06-17 14:05:54,2021-06-17 14:05:54,Survey Test,,100,0,True,2021-06-17 14:05:54,R_3pZfNxEqafuWTae,,,,,51.5290069580078125,-0.05999755859375,test,,I agree,Somewhat approve,Nancy Pelosi,Ut nonummy. Maecenas rhoncus? Porta faucibus ultricies magna! Magna erat eget? Accusamus interdum montes.,Scotland,Amet? Porttitor mattis cursus diam placerat sodales dictumst porta pellentesque? Posuere interdum.,Prefer not to say,White-other origin,,,Postgraduate degree,,,False,False,False,False,False,Don’t know,Don't remember/Don't know,,Labour,complete,,
2021-06-17 14:05:54,2021-06-17 14:05:54,Survey Test,,100,0,True,2021-06-17 14:05:54,R_0xDVnkA2RRsz5Uq,,,,,51.5290069580078125,-0.05999755859375,test,,I disagree,Strongly dissaprove,Barack Obama,"Nonummy posuere nulla odio consectetuer justo sit ut, consequat odio ultrices porttitor tempor montes.",Scotland,In euismod. Facilisis nulla aliquam eget. Mauris sodales commodo sagittis est in blandit sapien.,Man,Black-Caribbean origin,,,Other qualification,Consectetuer? Commodo fringilla facilisi enim rhoncus pellentesque iaculis duis morbi culpa sed.,True,False,False,False,False,,"Yes, I voted.",Plaid Cymru,,Liberal Democrat,complete,,
2021-06-17 14:05:55,2021-06-17 14:05:55,Survey Test,,100,0,True,2021-06-17 14:05:55,R_cOsAlo1sG3SRHz8,,,,,51.5290069580078125,-0.05999755859375,test,,I disagree,Strongly approve,Barack Obama,Vel nunc! Orci massa fermentum? Gravida fusce nonummy? Magna? Augue. Auctor.,Scotland,Nonummy morbi accusamus eros eget viverra euismod porttitor curabitur fringilla. Suscipit consectetuer ut sed.,Man,White-Irish,,,Apprenticeship,,True,,False,,False,True,"Yes, I voted.",Liberal Democrats,,None,complete,,
2021-06-17 14:05:55,2021-06-17 14:05:55,Survey Test,,100,0,True,2021-06-17 14:05:55,R_6SueyifNrhjzLp4,,,,,51.5290069580078125,-0.05999755859375,test,,I disagree,Don't know,Mike Pence,"Sed, pharetra eros consequat potenti magna velit proin. Dui porta, rhoncus sodales molestie.",Other,Etiam sit fusce vestibulum maecenas enim eget montes. Justo tempus? Pellentesque? Proin.,Prefer not to say,Asian-other origin,,,None of these,,,,True,True,True,,Don’t know,United Kingdom Independence Party (UKIP),,Prefer not to say,complete,,
2021-06-17 14:05:55,2021-06-17 14:05:55,Survey Test,,100,0,True,2021-06-17 14:05:55,R_8BUHiAmzyYDTTsG,,,,,51.5290069580078125,-0.05999755859375,test,,I disagree,Somewhat dissaprove,Mike Pence,"Posuere euismod pede! Vivamus dictumst urna faucibus! Nunc? Neque, ut aliquam orci tempora.",Scotland,Pretium porttitor tortor lorem dui! Rutrum? Temporibus odio integer integer.,Man,Mixed origin,Montes urna duis integer tempor vestibulum eros temporibus nullam! Molestie dictumst.,,"GCSE D-G, CSE grades 2-5, O level D-E",,,,False,False,True,,"No, I did not vote.",Prefer not to say,,Conservative,complete,,
2021-06-17 14:05:55,2021-06-17 14:05:55,Survey Test,,100,0,True,2021-06-17 14:05:55,R_afqJdI1Cv6Qb6RM,,,,,51.5290069580078125,-0.05999755859375,test,,I disagree,Somewhat approve,Don't Know,Natoque cras dolorem a. Culpa nonummy neque pellentesque! Tempus. Etiam et dolorem.,Wales,Molestie praesent magnis? Tincidunt eget amet leo primis leo. Tellus cursus.,Woman,Prefer not to say,,,"GCSE D-G, CSE grades 2-5, O level D-E",,True,,False,True,True,False,Prefer not to say,Green Party,,SNP,complete,,
2021-06-17 14:05:55,2021-06-17 14:05:55,Survey Test,,100,0,True,2021-06-17 14:05:55,R_5ur7kbRaEYIQ4Xc,,,,,51.5290069580078125,-0.05999755859375,test,,I disagree,Somewhat approve,Barack Obama,Sed accusamus nulla lorem lorem dolor dignissim ab morbi interdum? Aliquam maecenas ultricies dignissim.,England,Id posuere. Suspendisse laoreet platea nibh? Porttitor? Morbi. Atque elit ipsum turpis dictumst fusce.,Prefer not to say,White-Irish,,,None of these,,True,True,True,False,True,True,Prefer not to say,Other,Aliquet at integer erat a pellentesque lacus ullamcorper posuere? Egestas orci posuere tempor nec non.,Don't know,complete,,
2021-06-17 14:05:55,2021-06-17 14:05:55,Survey Test,,100,0,True,2021-06-17 14:05:56,R_4I1gGGoEYaJZLQa,,,,,51.5290069580078125,-0.05999755859375,test,,I agree,Somewhat dissaprove,George W Bush,"Vestibulum aliquet etiam montes, purus. Lacus. Commodo justo tempora, proin.",England,"Diam quam volutpat, quis per amet elementum. Nec eleifend mattis proin.",Man,Black-Caribbean origin,,,"GCSE D-G, CSE grades 2-5, O level D-E",,False,True,True,False,False,False,Prefer not to say,Scottish National Party,,None,complete,,
2021-06-17 14:05:56,2021-06-17 14:05:56,Survey Test,,100,0,True,2021-06-17 14:05:56,R_aWCUbpMitvV2Imy,,,,,51.5290069580078125,-0.05999755859375,test,,I agree,Somewhat dissaprove,Barack Obama,"Purus posuere? Etiam, imperdiet. Suspendisse enim elementum tincidunt. Nulla, ligula odio sem turpis tempus.",Northern Ireland,Quam morbi rhoncus faucibus. Erat per! Elementum ipsum scelerisque. Vivamus sed ab ligula accumsan.,Man,White-British,,,"GCSE D-G, CSE grades 2-5, O level D-E",,,,,False,True,False,"Yes, I voted.",Brexit Party,,Labour,complete,,
2021-06-17 14:05:56,2021-06-17 14:05:56,Survey Test,,100,0,True,2021-06-17 14:05:56,R_ekDm9DrpaASel5c,,,,,51.5290069580078125,-0.05999755859375,test,,I agree,Don't know,Don't Know,Rhoncus per. Convallis commodo dolorem pede! Diam. Sed per ultricies leo lacus! Consequat.,Other,Pede urna! Duis faucibus quis blandit. Urna ac suscipit fusce facilisis. Dolorem culpa eleifend.,Woman,Asian-Chinese origin,,,"GCSE D-G, CSE grades 2-5, O level D-E",,,,,True,True,False,Prefer not to say,Don't remember/Don't know,,Other party,complete,,
2021-06-17 14:05:56,2021-06-17 14:05:56,Survey Test,,100,0,True,2021-06-17 14:05:56,R_24hgQU8nz0nH1Yy,,,,,51.5290069580078125,-0.05999755859375,test,,I agree,Strongly approve,Barack Obama,Eros per mauris vulputate. Facilisi arcu pretium wisi purus eu porta. Pellentesque temporibus nullam.,Other,Aenean leo porttitor vestibulum ac nullam cras sit per auctor dignissim orci blandit atque.,Prefer not to say,Asian-Chinese origin,,,A level or equivalent,,True,True,True,False,True,False,Prefer not to say,Conservative Party,,Plaid Cymru,complete,,
2021-06-17 14:05:56,2021-06-17 14:05:56,Survey Test,,100,0,True,2021-06-17 14:05:56,R_cCH9UMjLW77PYFM,,,,,51.5290069580078125,-0.05999755859375,test,,I disagree,Strongly approve,Nancy Pelosi,"Quam vivamus. Ab, malesuada. Fringilla! Ut gravida suspendisse dui non est. Quis urna commodo.",Other,"Elementum eu. Etiam lectus ipsum, ipsum nec sed! Molestie velit. Felis? Ullamcorper temporibus sollicitudin gravida.",Man,Asian-Indian origin,,,"GCSE A* -C, CSE grade 1, O level grade A-C",,,,False,True,False,,Prefer not to say,Other,Eu etiam proin velit. Ante eros sollicitudin erat gravida donec fusce eros wisi magnis sit.,Prefer not to say,complete,,
2021-06-17 14:05:56,2021-06-17 14:05:56,Survey Test,,100,0,True,2021-06-17 14:05:56,R_3l6xZkG2EXjytZc,,,,,51.5290069580078125,-0.05999755859375,test,,I disagree,Strongly dissaprove,Nancy Pelosi,"Tempus tincidunt massa curabitur sollicitudin lacus rhoncus tempus dolor at est, et tempora potenti faucibus.",Other,Placerat tempus quis imperdiet nullam egestas bibendum quam aliquet turpis fusce molestie. Accusamus rhoncus.,Man,White-British,,,"GCSE D-G, CSE grades 2-5, O level D-E",,False,,True,False,False,False,"Yes, I voted.",United Kingdom Independence Party (UKIP),,Plaid Cymru,complete,,
2021-06-17 14:05:56,2021-06-17 14:05:56,Survey Test,,100,0,True,2021-06-17 14:05:56,R_0MWvxpc5MWMC0wS,,,,,51.5290069580078125,-0.05999755859375,test,,I disagree,Strongly dissaprove,Nancy Pelosi,Suscipit suspendisse interdum fusce? Nec pellentesque amet venenatis in tortor sem.,Wales,Rutrum ipsum donec? Neque placerat cras auctor lectus ultrices purus blandit ante etiam! Facilisis.,Other,Black-Caribbean origin,,,A level or equivalent,,False,False,True,,False,True,"No, I did not vote.",Brexit Party,,Conservative,complete,,
2021-06-17 14:05:56,2021-06-17 14:05:56,Survey Test,,100,0,True,2021-06-17 14:05:56,R_1GR4M57gOMd0zFY,,,,,51.5290069580078125,-0.05999755859375,test,,I disagree,Somewhat dissaprove,George W Bush,"Potenti integer ante ridiculus viverra mattis massa? Convallis dapibus, cursus platea! Potenti.",Scotland,"Massa, enim dapibus orci sagittis orci mauris lacus id metus primis odio iaculis, amet faucibus.",Woman,Black-Caribbean origin,,,Apprenticeship,,True,True,False,True,True,True,"Yes, I voted.",Scottish National Party,,SNP,complete,,
2021-06-17 14:05:57,2021-06-17 14:05:57,Survey Test,,100,0,True,2021-06-17 14:05:57,R_efWZ5nx0oNZz6KO,,,,,51.5290069580078125,-0.05999755859375,test,,I agree,Strongly dissaprove,Don't Know,"Tellus id, quam enim ab euismod ut consectetuer consequat justo.",Other,"Convallis? Potenti? Viverra euismod consectetuer per metus non praesent fusce ultricies, primis. Tortor per. Mattis.",Other,Asian-Indian origin,,,Apprenticeship,,True,False,,,,False,"Yes, I voted.",Other,Magna. Leo temporibus? Bibendum bibendum integer molestie montes volutpat consectetuer sapien! Neque.,Prefer not to say,complete,,
2021-06-17 14:05:57,2021-06-17 14:05:57,Survey Test,,100,0,True,2021-06-17 14:05:57,R_cAchohtWZdJGbvU,,,,,51.5290069580078125,-0.05999755859375,test,,I disagree,Strongly dissaprove,Mike Pence,Nullam temporibus vulputate rhoncus metus? Ac egestas tempor faucibus euismod.,Northern Ireland,Consequat mattis accumsan posuere? Dolorem est augue dui. Montes mattis suspendisse augue leo.,Other,Other,,Turpis rhoncus et ab facilisis. In est dignissim felis pretium dapibus dignissim! Ut.,City&Guilds,,False,False,,False,True,,"No, I did not vote.",Plaid Cymru,,Other party,complete,,
2021-06-17 14:05:57,2021-06-17 14:05:57,Survey Test,,100,0,True,2021-06-17 14:05:57,R_0U7uvNMGxRgtGf4,,,,,51.5290069580078125,-0.05999755859375,test,,I agree,Strongly approve,George W Bush,Lectus consectetuer diam porttitor vel potenti tempora. Fermentum velit lorem dictumst.,Northern Ireland,Ut dui nulla? Proin eu? Phasellus interdum natoque. Gravida massa viverra sed dignissim.,Other,Asian-Indian origin,,,City&Guilds,,,,True,True,False,False,"No, I did not vote.",Prefer not to say,,Liberal Democrat,complete,,
2021-06-17 14:05:57,2021-06-17 14:05:57,Survey Test,,100,0,True,2021-06-17 14:05:57,R_basYNSykVq63HFA,,,,,51.5290069580078125,-0.05999755859375,test,,I disagree,Strongly approve,Nancy Pelosi,Dui vehicula ullamcorper. Faucibus neque iaculis dignissim massa sollicitudin facilisi mauris bibendum? Vestibulum nonummy aliquet.,Scotland,Dictumst ab fringilla montes elit neque porta per posuere? Atque neque sapien.,Other,Mixed origin,Temporibus luctus imperdiet interdum porttitor erat sit neque luctus sagittis non.,,"GCSE D-G, CSE grades 2-5, O level D-E",,True,False,False,False,False,False,Prefer not to say,Don't remember/Don't know,,Plaid Cymru,complete,,
2021-06-17 14:05:57,2021-06-17 14:05:57,Survey Test,,100,0,True,2021-06-17 14:05:57,R_1RZofGDcAYrn0eG,,,,,51.5290069580078125,-0.05999755859375,test,,I disagree,Strongly approve,Nancy Pelosi,Commodo maecenas fermentum mi blandit interdum neque primis ridiculus convallis! Scelerisque purus. Vivamus.,Northern Ireland,"Suscipit. Elit suscipit proin pede lorem venenatis metus, suscipit rutrum sapien posuere pretium.",Other,Mixed origin,Potenti et sagittis nonummy ante dolor lacus bibendum dui elementum.,,A level or equivalent,,True,False,,False,,True,"Yes, I voted.",United Kingdom Independence Party (UKIP),,Don't know,complete,,
2021-06-17 14:05:57,2021-06-17 14:05:57,Survey Test,,100,0,True,2021-06-17 14:05:57,R_cFKx5gF3A2Xu6AS,,,,,51.5290069580078125,-0.05999755859375,test,,I agree,Somewhat dissaprove,Don't Know,"Dignissim potenti sem molestie? Metus molestie? Iaculis? Purus, consequat platea turpis pede.",England,Molestie nulla odio consectetuer potenti tortor? Elementum metus imperdiet ab dictumst et.,Other,Prefer not to say,,,Postgraduate degree,,True,True,,,,True,"Yes, I voted.",Conservative Party,,Don't know,complete,,
2021-06-17 14:05:58,2021-06-17 14:05:58,Survey Test,,100,0,True,2021-06-17 14:05:58,R_1N9O73zVLzGUXT8,,,,,51.5290069580078125,-0.05999755859375,test,,I agree,Strongly approve,Barack Obama,"Arcu ab. Elementum wisi mattis velit temporibus nullam, augue non.",England,Odio sit leo tincidunt et. Mauris purus amet placerat amet ipsum.,Prefer not to say,Asian-Indian origin,,,Other qualification,Scelerisque interdum egestas. Wisi. Bibendum est. Ante donec nulla aliquet. Mauris.,False,False,False,,True,,Prefer not to say,"Labour Party ",,Other party,complete,,
2021-06-17 14:05:58,2021-06-17 14:05:58,Survey Test,,100,0,True,2021-06-17 14:05:58,R_8uYhrYGeLaNzdhY,,,,,51.5290069580078125,-0.05999755859375,test,,I disagree,Don't know,Barack Obama,Felis aenean platea. Vehicula ante imperdiet quam proin orci egestas dapibus? Aenean dignissim vestibulum.,Scotland,"Donec bibendum nulla porta porta? Placerat, pretium tincidunt. Viverra. Orci.",Prefer not to say,Black-Caribbean origin,,,Prefer not to say,,True,,True,,True,False,"No, I did not vote.",Liberal Democrats,,SNP,complete,,
2021-06-17 14:05:58,2021-06-17 14:05:58,Survey Test,,100,0,True,2021-06-17 14:05:58,R_4IxEF5GpOgxYfQ2,,,,,51.5290069580078125,-0.05999755859375,test,,I agree,Strongly dissaprove,Mike Pence,"Purus eleifend quam? Pretium vitae viverra consequat mattis, morbi, accusamus porttitor cras.",Other,Imperdiet. Dapibus dolor rutrum venenatis lacus tempor sem odio rhoncus consequat.,Woman,Black-Caribbean origin,,,Postgraduate degree,,,True,,True,True,True,Don’t know,Scottish National Party,,Prefer not to say,complete,,
2021-06-17 14:05:58,2021-06-17 14:05:58,Survey Test,,100,0,True,2021-06-17 14:05:58,R_cYLuFLZdCXXBId8,,,,,51.5290069580078125,-0.05999755859375,test,,I disagree,Don't know,Barack Obama,"Gravida platea? Molestie sodales, nonummy a scelerisque egestas pharetra? Convallis sapien.",Other,"Vivamus in suscipit purus ullamcorper venenatis dignissim. Ultrices, mauris vulputate blandit placerat! Bibendum vel.",Prefer not to say,Prefer not to say,,,City&Guilds,,False,,False,True,,False,Don’t know,Don't remember/Don't know,,Don't know,complete,,
2021-06-17 14:05:58,2021-06-17 14:05:58,Survey Test,,100,0,True,2021-06-17 14:05:58,R_cZ6ju7gjblAhduS,,,,,51.5290069580078125,-0.05999755859375,test,,I disagree,Somewhat dissaprove,Don't Know,Eu eu bibendum praesent primis mi sagittis sollicitudin sodales augue metus metus.,England,Rhoncus nibh! Pretium odio fringilla elementum duis velit est consequat iaculis temporibus est tellus.,Woman,Black-Caribbean origin,,,A level or equivalent,,True,True,,,True,,Don’t know,Other,Ipsum fringilla felis interdum nullam pede vivamus tempora? Aenean laoreet natoque. Eleifend lacus a.,None,complete,,
2021-06-17 14:05:58,2021-06-17 14:05:58,Survey Test,,100,0,True,2021-06-17 14:05:59,R_a8VTZbDMisEBI46,,,,,51.5290069580078125,-0.05999755859375,test,,I disagree,Strongly dissaprove,Barack Obama,Blandit fusce arcu? Et donec egestas praesent? Augue eget! Pretium suspendisse maecenas temporibus purus.,Northern Ireland,Quis porttitor tincidunt malesuada nonummy aenean. Fermentum? Tempor nonummy justo! Sed tempor.,Other,Asian-Pakistani origin,,,Postgraduate degree,,,,,,False,True,"Yes, I voted.",Green Party,,Prefer not to say,complete,,
2021-06-17 14:05:59,2021-06-17 14:05:59,Survey Test,,100,0,True,2021-06-17 14:05:59,R_d4pBJ8jCxvEriYK,,,,,51.5290069580078125,-0.05999755859375,test,,I agree,Strongly approve,George W Bush,Tempora sem dolorem tortor phasellus ultrices eget. Viverra aliquam. Ipsum.,Wales,"Vel pharetra maecenas tincidunt? Nullam? Ridiculus lectus, rutrum, tincidunt? Felis quis diam. Dignissim imperdiet.",Woman,Asian-Chinese origin,,,Other qualification,Natoque! Volutpat aenean ante sodales dapibus iaculis! Tempor nonummy. Magnis. Ultrices velit sollicitudin? Iaculis et.,False,,False,,,True,"Yes, I voted.",Liberal Democrats,,SNP,complete,,
2021-06-17 14:05:59,2021-06-17 14:05:59,Survey Test,,100,0,True,2021-06-17 14:05:59,R_38j11hinenPIXK6,,,,,51.5290069580078125,-0.05999755859375,test,,I agree,Strongly approve,George W Bush,Mattis molestie volutpat est quis tempor? Tellus temporibus. Per cras vulputate. Suscipit justo.,Wales,Id suspendisse ab ultricies! Aliquet praesent fermentum! Sagittis pellentesque dolorem? Ab tellus.,Prefer not to say,Asian-other origin,,,Apprenticeship,,True,,,False,True,,"No, I did not vote.",Prefer not to say,,Liberal Democrat,complete,,
2021-06-17 14:05:59,2021-06-17 14:05:59,Survey Test,,100,0,True,2021-06-17 14:05:59,R_0GLoj7rgO2EkW8e,,,,,51.5290069580078125,-0.05999755859375,test,,I disagree,Strongly dissaprove,George W Bush,Mi commodo. Sodales purus montes nibh temporibus! Tortor et ante rhoncus montes morbi amet.,Other,"Neque? Turpis rutrum tellus. Porta. Fusce, mi bibendum odio sit.",Prefer not to say,White-Irish,,,Other qualification,Quis? Mi fermentum amet eleifend sodales. Vel eros! Accusamus arcu diam sed enim potenti. Quis.,,False,False,False,,True,Prefer not to say,Plaid Cymru,,Plaid Cymru,complete,,
2021-06-17 14:05:59,2021-06-17 14:05:59,Survey Test,,100,0,True,2021-06-17 14:05:59,R_3t3zCemcdGYnZoW,,,,,51.5290069580078125,-0.05999755859375,test,,I agree,Strongly approve,George W Bush,Praesent. Euismod pretium molestie pharetra elit porttitor consectetuer! Malesuada per lacus vivamus dapibus urna.,England,Dictumst dui at lorem. Consequat egestas purus imperdiet! Neque risus.,Woman,Mixed origin,Porttitor a eu. Consequat dui culpa cursus quam sapien. Consequat.,,None of these,,,False,False,,,,"No, I did not vote.",Brexit Party,,Other party,complete,,
2021-06-17 14:06:00,2021-06-17 14:06:00,Survey Test,,100,0,True,2021-06-17 14:06:00,R_6s9uNVhaxqYsD2e,,,,,51.5290069580078125,-0.05999755859375,test,,I disagree,Strongly approve,George W Bush,Nulla suscipit fermentum posuere vitae id potenti mattis vestibulum natoque? Euismod phasellus in urna? Diam.,Wales,"Lorem posuere odio volutpat primis mauris eleifend at phasellus at, ab. Bibendum risus.",Other,Black-African origin,,,Other qualification,Ridiculus porttitor augue odio atque! Nunc dolor gravida aliquet placerat.,False,True,False,,,,"No, I did not vote.",Liberal Democrats,,Other party,complete,,
2021-06-17 14:06:00,2021-06-17 14:06:00,Survey Test,,100,0,True,2021-06-17 14:06:00,R_9WDR3ggsNhL8WX4,,,,,51.5290069580078125,-0.05999755859375,test,,I agree,Don't know,Don't Know,Tincidunt nunc ab elit faucibus. Cursus! Pharetra tempus eu ut.,Northern Ireland,"Luctus aliquam porta. Aliquam maecenas vitae, proin. Aenean praesent! Justo turpis metus sed viverra? Eu.",Other,Other,,"Ridiculus cursus fermentum, nonummy. Id ultricies vestibulum, urna sem fermentum.","GCSE D-G, CSE grades 2-5, O level D-E",,True,,,,True,True,"No, I did not vote.",Other,Amet ipsum nullam at! Morbi eu nonummy per integer vivamus tortor laoreet.,None,complete,,
2021-06-17 14:06:00,2021-06-17 14:06:00,Survey Test,,100,0,True,2021-06-17 14:06:00,R_9S7RaGSy9KRZH1Q,,,,,51.5290069580078125,-0.05999755859375,test,,I agree,Strongly dissaprove,Barack Obama,Diam! Sollicitudin nunc tellus. Aliquam non nibh! Etiam nullam commodo! Elit cursus? Consectetuer ultricies ac.,Northern Ireland,Venenatis? Dolorem. Vitae aliquam pellentesque! Et! Vestibulum iaculis elementum. Justo pretium neque ante! Duis phasellus.,Other,Asian-other origin,,,First degree or equivalent,,,,True,False,False,False,Don’t know,Brexit Party,,Conservative,complete,,
2021-06-17 14:06:00,2021-06-17 14:06:00,Survey Test,,100,0,True,2021-06-17 14:06:00,R_8nZjcXzY5DEQJNQ,,,,,51.5290069580078125,-0.05999755859375,test,,I agree,Somewhat approve,Nancy Pelosi,Luctus vitae ab pede proin vivamus vulputate turpis duis mi.,England,Morbi! Nibh pharetra egestas wisi dignissim suspendisse justo felis! Risus sodales ultricies malesuada rhoncus.,Prefer not to say,White-British,,,"GCSE A* -C, CSE grade 1, O level grade A-C",,True,,False,False,,True,"Yes, I voted.","Labour Party ",,Green,complete,,
2021-06-17 14:06:00,2021-06-17 14:06:00,Survey Test,,100,0,True,2021-06-17 14:06:00,R_6CYCu4e3J27aBIG,,,,,51.5290069580078125,-0.05999755859375,test,,I agree,Somewhat dissaprove,Barack Obama,Wisi atque diam dolorem dignissim iaculis ultrices non ut. Urna urna diam ipsum.,Other,Blandit faucibus in. Diam quis tempor justo eros et sed.,Man,White-Irish,,,"GCSE A* -C, CSE grade 1, O level grade A-C",,,False,False,True,True,,Prefer not to say,Other,At wisi sem. Tempus. Facilisi suscipit in? Fermentum egestas iaculis proin.,Liberal Democrat,complete,,
2021-06-17 14:06:01,2021-06-17 14:06:01,Survey Test,,100,0,True,2021-06-17 14:06:01,R_6gSWzjudz2YD2yW,,,,,51.5290069580078125,-0.05999755859375,test,,I disagree,Don't know,George W Bush,Ac auctor per dolor mauris rhoncus faucibus. Dolorem purus dui sem. Blandit curabitur aliquam quis.,Other,"Sapien ullamcorper, eu amet scelerisque dapibus. Suspendisse turpis iaculis wisi! Egestas porttitor. Eleifend vehicula.",Man,White-British,,,"GCSE A* -C, CSE grade 1, O level grade A-C",,False,False,,,True,False,Prefer not to say,Plaid Cymru,,Conservative,complete,,
2021-06-17 14:06:01,2021-06-17 14:06:01,Survey Test,,100,0,True,2021-06-17 14:06:01,R_8pPhxQEkXGVNhOu,,,,,51.5290069580078125,-0.05999755859375,test,,I agree,Strongly approve,Barack Obama,Nonummy blandit risus felis rutrum urna tellus leo rhoncus gravida! Sem pede? Interdum.,Other,"Turpis tempora curabitur natoque sagittis faucibus, bibendum, turpis. Venenatis duis lectus sollicitudin luctus.",Woman,White-other origin,,,Postgraduate degree,,,False,,False,,,"Yes, I voted.",Green Party,,Conservative,complete,,
2021-06-17 14:06:01,2021-06-17 14:06:01,Survey Test,,100,0,True,2021-06-17 14:06:01,R_8wsGLeeT0AlZJNc,,,,,51.5290069580078125,-0.05999755859375,test,,I agree,Strongly dissaprove,George W Bush,"Tellus proin turpis mi maecenas lorem cras ultrices egestas diam eros? Curabitur, maecenas.",Northern Ireland,"Scelerisque tellus accumsan vivamus risus tempora ridiculus lacus! Tempora, sagittis.",Woman,White-Irish,,,"GCSE A* -C, CSE grade 1, O level grade A-C",,,False,False,True,,,Don’t know,Prefer not to say,,Labour,complete,,
2021-06-17 14:06:01,2021-06-17 14:06:01,Survey Test,,100,0,True,2021-06-17 14:06:01,R_6VRSTOdlv4S2WFw,,,,,51.5290069580078125,-0.05999755859375,test,,I agree,Somewhat dissaprove,George W Bush,Nullam facilisis tempus aliquam eros convallis donec consequat maecenas magnis mauris. Magnis nibh.,England,Ullamcorper commodo fringilla pretium orci nibh. Lacus auctor! Molestie purus sed fusce mauris eget.,Prefer not to say,Black-Caribbean origin,,,Other qualification,In! At. Tempus porttitor morbi? At sodales felis. Fermentum blandit! Lorem.,False,True,,,True,True,"No, I did not vote.","Labour Party ",,Conservative,complete,,
2021-06-17 14:06:01,2021-06-17 14:06:01,Survey Test,,100,0,True,2021-06-17 14:06:01,R_bgzDV7sJeYqrU7I,,,,,51.5290069580078125,-0.05999755859375,test,,I disagree,Strongly dissaprove,Mike Pence,Accumsan laoreet accusamus ultricies quam. Non cursus dignissim ultricies dolorem primis fermentum.,Other,Molestie wisi donec suscipit fermentum neque metus porta! Mauris urna.,Other,Asian-Chinese origin,,,"GCSE A* -C, CSE grade 1, O level grade A-C",,True,,,True,False,,"No, I did not vote.",Don't remember/Don't know,,Prefer not to say,complete,,
2021-06-17 14:06:01,2021-06-17 14:06:01,Survey Test,,100,0,True,2021-06-17 14:06:01,R_73NCBEjmycwA0Oa,,,,,51.5290069580078125,-0.05999755859375,test,,I disagree,Somewhat dissaprove,Barack Obama,Accusamus dapibus faucibus curabitur in. Duis leo mauris amet. Tincidunt metus fringilla ab.,Wales,Dapibus eget integer rhoncus rhoncus atque tellus rhoncus consequat quam vulputate ante? Pellentesque temporibus! Temporibus.,Prefer not to say,Black-African origin,,,Other qualification,Orci nullam tortor vulputate dolor purus ut orci? Velit malesuada facilisi! Tempus.,False,True,False,False,True,False,"Yes, I voted.",Scottish National Party,,Conservative,complete,,
2021-06-17 14:06:02,2021-06-17 14:06:02,Survey Test,,100,0,True,2021-06-17 14:06:02,R_1EOYSXm6lCNK1N4,,,,,51.5290069580078125,-0.05999755859375,test,,I disagree,Strongly approve,Don't Know,Risus justo interdum atque enim vitae quis venenatis fermentum. Quam! Suscipit.,England,"Tempora tempor nibh a justo? Diam laoreet bibendum massa in. Laoreet. Egestas dignissim, gravida suspendisse.",Woman,Asian-other origin,,,A level or equivalent,,True,True,True,False,False,False,Prefer not to say,Don't remember/Don't know,,Green,complete,,
2021-06-17 14:06:02,2021-06-17 14:06:02,Survey Test,,100,0,True,2021-06-17 14:06:02,R_0e7uxVv2JcWlqES,,,,,51.5290069580078125,-0.05999755859375,test,,I disagree,Don't know,Mike Pence,Maecenas donec montes ultrices per malesuada fermentum risus ac eros dolor ridiculus? Pretium.,England,Est purus malesuada risus malesuada erat amet praesent gravida gravida rutrum.,Other,White-other origin,,,"GCSE A* -C, CSE grade 1, O level grade A-C",,True,False,,,,False,"Yes, I voted.",Don't remember/Don't know,,SNP,complete,,
2021-06-17 14:06:02,2021-06-17 14:06:02,Survey Test,,100,0,True,2021-06-17 14:06:02,R_eKhYDu28793uYdg,,,,,51.5290069580078125,-0.05999755859375,test,,I disagree,Somewhat approve,Nancy Pelosi,Magna nonummy integer sapien phasellus rutrum arcu fermentum nibh risus quis accusamus praesent vivamus.,Northern Ireland,Laoreet euismod ab bibendum? Natoque dapibus sollicitudin aliquam gravida pellentesque.,Man,Black-African origin,,,First degree or equivalent,,True,False,True,True,,False,"No, I did not vote.",Brexit Party,,None,complete,,
2021-06-17 14:06:02,2021-06-17 14:06:02,Survey Test,,100,0,True,2021-06-17 14:06:02,R_d4H1JEdCjhIehfM,,,,,51.5290069580078125,-0.05999755859375,test,,I agree,Strongly dissaprove,Don't Know,Tortor mauris dui arcu sapien ipsum risus laoreet a praesent.,Other,"Venenatis ante! Ac natoque? Sed aliquet arcu pellentesque dapibus, etiam! Vel, ante.",Other,White-Irish,,,City&Guilds,,True,,,True,False,,"Yes, I voted.",Brexit Party,,Green,complete,,
2021-06-17 14:06:02,2021-06-17 14:06:02,Survey Test,,100,0,True,2021-06-17 14:06:02,R_3pKCgR0a2n8lFJ4,,,,,51.5290069580078125,-0.05999755859375,test,,I disagree,Somewhat approve,Don't Know,Sed eleifend? Nunc nibh tortor tempus sollicitudin. Mauris consectetuer! Iaculis curabitur et primis mauris convallis.,Wales,Eleifend ipsum laoreet. Per sit tempora et urna. Curabitur mattis fusce neque diam pede.,Other,Black-Caribbean origin,,,City&Guilds,,True,True,,,True,False,"No, I did not vote.",Liberal Democrats,,Green,complete,,
2021-06-17 14:06:02,2021-06-17 14:06:02,Survey Test,,100,0,True,2021-06-17 14:06:02,R_a5HvXf6dPzrFwWO,,,,,51.5290069580078125,-0.05999755859375,test,,I agree,Strongly dissaprove,Don't Know,"Posuere vivamus proin aliquet, culpa, primis euismod vel suscipit lorem vulputate primis.",Scotland,Fusce primis arcu blandit tortor ligula euismod accumsan purus id tempor molestie.,Woman,Asian-Indian origin,,,Other qualification,Volutpat eu mattis augue rutrum facilisis? Tempus ridiculus cursus lectus! Neque mattis lacus.,True,False,True,False,True,,"Yes, I voted.",Prefer not to say,,Labour,complete,,
2021-06-17 14:06:03,2021-06-17 14:06:03,Survey Test,,100,0,True,2021-06-17 14:06:03,R_0cUKrxjG4jOvGeO,,,,,51.5290069580078125,-0.05999755859375,test,,I disagree,Strongly approve,George W Bush,"Eleifend dolor molestie id! Augue justo risus porta, fusce odio.",England,"Volutpat integer dolor, euismod fringilla facilisi suspendisse integer etiam tincidunt maecenas ante fusce facilisis.",Prefer not to say,Prefer not to say,,,Other qualification,"Integer diam justo elit lectus tellus pellentesque mattis suspendisse, fringilla tincidunt porta dictumst.",False,,True,,,False,"Yes, I voted.","Labour Party ",,Green,complete,,
2021-06-17 14:03:04,2021-06-17 14:06:04,IP Address,188.220.25.212,100,180,True,2021-06-17 14:06:06,R_3Rmy2aPqSVz1Lov,,,,,54.011993408203125,-1.043701171875,anonymous,EN,I agree,Somewhat approve,Barack Obama,45,England,5ef75c391fb3f546c2a1a58c,Woman,White-British,,,First degree or equivalent,,,False,False,,True,False,"Yes, I voted.",Conservative Party,,Liberal Democrat,complete,,
2021-06-17 14:04:12,2021-06-17 14:06:31,IP Address,77.101.55.52,100,139,True,2021-06-17 14:06:32,R_1JXVDLs9AAK0YzP,,,,,55.96319580078125,-3.2545928955078125,anonymous,EN,I agree,Somewhat approve,Barack Obama,30,Scotland,60aa7bf905c36e8b53a9dff4,Woman,White-British,,,"GCSE D-G, CSE grades 2-5, O level D-E",,,,True,,,,"No, I did not vote.",Don't remember/Don't know,,None,complete,,
2021-06-17 14:08:34,2021-06-17 14:09:58,IP Address,150.143.3.85,100,84,True,2021-06-17 14:09:59,R_2rSXoxmAM53nAlE,,,,,53.29840087890625,-3.72259521484375,anonymous,EN,I agree,Strongly approve,Barack Obama,34,England,5e5fadf6682b352e3c5acc6c,Woman,White-British,,,First degree or equivalent,,True,,False,True,True,,"Yes, I voted.","Labour Party ",,Labour,complete,,
2021-06-17 14:13:49,2021-06-17 14:16:18,IP Address,109.249.184.245,100,149,True,2021-06-17 14:16:18,R_1I4QKkC76i3YUG6,,,,,52.4759063720703125,-1.851593017578125,anonymous,EN,I agree,Somewhat approve,Barack Obama,35,England,5eab0a22ab031f0af1deb04e,Woman,White-British,,,A level or equivalent,,True,False,True,,False,False,"Yes, I voted.","Labour Party ",,Labour,complete,,
2021-06-17 14:14:12,2021-06-17 14:16:38,IP Address,51.194.188.6,100,146,True,2021-06-17 14:16:39,R_5hzk95JGK7iDneF,,,,,53.828094482421875,-1.689300537109375,anonymous,EN,I agree,Somewhat approve,Barack Obama,35,England,59e39f2d16ecc200016fef35,Woman,White-British,,,"GCSE A* -C, CSE grade 1, O level grade A-C",,True,,False,,,True,"No, I did not vote.",Other,I did not vote,Conservative,complete,,
2021-06-17 14:23:06,2021-06-17 14:24:20,IP Address,213.205.240.246,100,73,True,2021-06-17 14:24:20,R_3k6Xne9lqP4RSYv,,,,,51.5095062255859375,-0.0955047607421875,anonymous,EN,I agree,Somewhat approve,Barack Obama,32,England,5a0611eb087f2e0001eae019,Man,White-British,,,City&Guilds,,True,True,False,True,True,True,"Yes, I voted.",Conservative Party,,None,complete,,
2021-06-17 14:25:01,2021-06-17 14:27:39,IP Address,82.9.86.148,100,157,True,2021-06-17 14:27:39,R_UKk08BACpwpEdUt,,,,,51.486602783203125,-3.1549072265625,anonymous,EN,I agree,Somewhat approve,Barack Obama,23,England,5eaa434521f5961d0a459ad1,Other,Other,,Black British,First degree or equivalent,,True,,False,False,,,"Yes, I voted.","Labour Party ",,Don't know,complete,,
2021-06-17 14:34:25,2021-06-17 14:36:23,IP Address,85.255.233.7,100,118,True,2021-06-17 14:36:23,R_RqP7fgCqDgb0oj7,,,,,51.49639892578125,-0.122406005859375,anonymous,EN,I agree,Somewhat approve,Barack Obama,37,England,5f2abef38d0aa03650cd1621,Woman,White-British,,,"GCSE A* -C, CSE grade 1, O level grade A-C",,True,True,False,,,True,"No, I did not vote.",Don't remember/Don't know,,Don't know,complete,,
2021-06-17 14:34:14,2021-06-17 14:36:45,IP Address,92.239.142.36,100,151,True,2021-06-17 14:36:45,R_3NID7d6nr9hUADj,,,,,52.4425048828125,-1.9441986083984375,anonymous,EN,I agree,Somewhat approve,Barack Obama,21,England,5eaf977f86fbbe69bf28f5ec,Man,White-British,,,First degree or equivalent,,,True,False,False,,False,"Yes, I voted.","Labour Party ",,Labour,complete,,
2021-06-17 14:36:09,2021-06-17 14:37:39,IP Address,92.20.128.55,100,89,True,2021-06-17 14:37:39,R_28ZeOyXhaR6TaWw,,,,,52.2512969970703125,-1.4839019775390625,anonymous,EN,I agree,Somewhat approve,Barack Obama,40,England,5ec175e9d86a515a43b2bda7,Woman,White-British,,,First degree or equivalent,,True,True,False,False,True,True,"Yes, I voted.",Conservative Party,,Conservative,complete,,
2021-06-17 14:35:21,2021-06-17 14:38:19,IP Address,86.169.172.140,100,178,True,2021-06-17 14:38:19,R_33m7JLJC8Pv88HM,,,,,53.478302001953125,-2.139404296875,anonymous,EN,I agree,Strongly dissaprove,Barack Obama,41,England,5dce8a813e67540e8d8ab207,Woman,White-British,,,First degree or equivalent,,True,False,False,,True,,"Yes, I voted.","Labour Party ",,Labour,complete,,
2021-06-17 14:35:51,2021-06-17 14:38:38,IP Address,195.195.142.10,100,167,True,2021-06-17 14:38:38,R_1Q4OoGQjN882ezv,,,,,51.623504638671875,-4.034393310546875,anonymous,EN,I agree,Somewhat approve,Barack Obama,33,Wales,60afb5ccce7ea00f15b1707c,Man,White-British,,,First degree or equivalent,,True,True,False,False,True,False,"Yes, I voted.",Prefer not to say,,Prefer not to say,complete,,
2021-06-17 14:34:25,2021-06-17 14:38:47,IP Address,84.71.65.104,100,261,True,2021-06-17 14:38:49,R_3smhmouzeP5MHUZ,,,,,51.451995849609375,-0.1945953369140625,anonymous,EN,I agree,Somewhat approve,Barack Obama,24,Other,5e8b8769946721060772548d,Woman,White-other origin,,,A level or equivalent,,True,,False,,,,"No, I did not vote.",Other,didn't vote,None,complete,,
2021-06-17 14:42:58,2021-06-17 14:44:37,IP Address,90.217.182.248,100,99,True,2021-06-17 14:44:37,R_2SobOkfUzvUKhzX,,,,,51.45660400390625,-0.9680023193359375,anonymous,EN,I agree,Somewhat approve,Barack Obama,31,Other,5d6e5643e7e3f70016224bcf,Man,Mixed origin,"English Egyptian ",,First degree or equivalent,,True,False,True,False,,,"Yes, I voted.",Green Party,,Green,complete,,
2021-06-17 14:45:04,2021-06-17 14:47:21,IP Address,137.205.213.244,100,137,True,2021-06-17 14:47:21,R_3IPEnYO0UCBYXTQ,,,,,52.3820037841796875,-1.58740234375,anonymous,EN,I agree,Somewhat approve,Barack Obama,44,England,60cb2bfc82556e5cc9b31212,Woman,White-British,,,A level or equivalent,,True,,,,True,,"Yes, I voted.","Labour Party ",,Labour,complete,,
2021-06-17 14:46:01,2021-06-17 14:47:49,IP Address,82.32.68.37,100,107,True,2021-06-17 14:47:49,R_1jV7RL4N9JTKWhd,,,,,51.8740997314453125,-2.1322021484375,anonymous,EN,I agree,Somewhat approve,Barack Obama,35,England,58b5525eb1dcb40001960ad2,Woman,White-British,,,A level or equivalent,,True,False,False,True,,,"Yes, I voted.",Green Party,,Green,complete,,
2021-06-17 14:47:19,2021-06-17 14:50:03,IP Address,92.0.9.156,100,163,True,2021-06-17 14:50:03,R_2CEaAu8P0Pj2XyK,,,,,51.67059326171875,-1.2794036865234375,anonymous,EN,I agree,Somewhat approve,Barack Obama,27,Other,5f3a8d429168cc6bc1667364,Woman,White-British,,,Postgraduate degree,,True,True,False,False,True,False,"Yes, I voted.","Labour Party ",,Labour,complete,,
2021-06-17 14:51:00,2021-06-17 14:53:34,IP Address,195.194.22.45,100,153,True,2021-06-17 14:53:34,R_2BnPRTSbMYHDXDr,,,,,50.7321014404296875,-3.529998779296875,anonymous,EN,I agree,Don't know,Barack Obama,32,England,60c51c424c146ac707d27fd1,Man,White-British,,,Postgraduate degree,,True,True,False,False,True,False,"Yes, I voted.","Labour Party ",,Labour,complete,,
2021-06-17 14:52:01,2021-06-17 14:53:46,IP Address,78.149.14.147,100,104,True,2021-06-17 14:53:46,R_Xq6mGTfwXYco6xr,,,,,52.5780029296875,1.088897705078125,anonymous,EN,I agree,Somewhat dissaprove,Barack Obama,24,Other,5fd0a95a0fa20c14dd64324c,Man,Asian-Indian origin,,,First degree or equivalent,,True,,True,False,True,True,"Yes, I voted.","Labour Party ",,Labour,complete,,
2021-06-17 14:53:05,2021-06-17 14:54:53,IP Address,46.64.126.140,100,108,True,2021-06-17 14:54:53,R_1C6YZIUrQzZTjNz,,,,,52.70660400390625,-2.73260498046875,anonymous,EN,I agree,Somewhat approve,Barack Obama,59,England,5e25b9d13da41b02348ec39e,Man,White-British,,,A level or equivalent,,False,True,True,True,True,True,"Yes, I voted.",Prefer not to say,,Prefer not to say,complete,,
2021-06-17 14:53:16,2021-06-17 14:55:25,IP Address,82.132.235.30,100,128,True,2021-06-17 14:55:26,R_1rBy7s3q2KpoaoL,,,,,51.546600341796875,-0.123199462890625,anonymous,EN,I agree,Somewhat approve,Barack Obama,26,England,5d5af20d7d1e600001c0f202,Woman,White-British,,,A level or equivalent,,True,,False,True,,False,"Yes, I voted.",Conservative Party,,Conservative,complete,,
2021-06-17 14:53:54,2021-06-17 14:55:36,IP Address,92.14.131.125,100,101,True,2021-06-17 14:55:36,R_eLJJgnkASiKrW5b,,,,,51.6071014404296875,-3.6526031494140625,anonymous,EN,I agree,Strongly dissaprove,Barack Obama,30,Wales,60c911874f9d508f93d839cc,Woman,White-British,,,Postgraduate degree,,True,,,,,False,"Yes, I voted.","Labour Party ",,Liberal Democrat,complete,,
2021-06-17 14:53:38,2021-06-17 14:55:54,IP Address,79.69.23.184,100,135,True,2021-06-17 14:55:56,R_RVVKh22l2z2dVOp,,,,,50.9022064208984375,-3.294403076171875,anonymous,EN,I agree,Somewhat approve,Barack Obama,36,England,5f198b3d48e5390189db666a,Woman,White-British,,,First degree or equivalent,,True,,False,True,True,,"Yes, I voted.",Green Party,,Conservative,complete,,
2021-06-17 14:56:26,2021-06-17 14:58:30,IP Address,89.243.24.26,100,124,True,2021-06-17 14:58:30,R_SCz2GXyF0kJmaK5,,,,,53.8318023681640625,-1.7234039306640625,anonymous,EN,I agree,Somewhat approve,Barack Obama,22,England,60c8c1216ac7a638c9ed4326,Man,White-British,,,A level or equivalent,,True,,True,,True,False,"Yes, I voted.",Conservative Party,,Prefer not to say,complete,,
2021-06-17 14:57:48,2021-06-17 14:59:05,IP Address,82.42.104.119,100,77,True,2021-06-17 14:59:05,R_SATvuovWsOPsqJj,,,,,53.3928985595703125,-1.545501708984375,anonymous,EN,I agree,Somewhat approve,Barack Obama,30,England,600cb2908625141e08ae42c0,Man,White-British,,,A level or equivalent,,True,False,,False,True,False,"Yes, I voted.",Green Party,,None,complete,,
2021-06-17 14:56:56,2021-06-17 14:59:16,IP Address,213.121.9.156,100,139,True,2021-06-17 14:59:16,R_D78eaiaZpzeCl0d,,,,,51.36700439453125,-0.80419921875,anonymous,EN,I agree,Somewhat approve,Barack Obama,28,England,5b68aa3c1bd890000107b454,Woman,White-British,,,First degree or equivalent,,False,,False,False,True,True,"Yes, I voted.",Liberal Democrats,,Liberal Democrat,complete,,
2021-06-17 14:56:56,2021-06-17 14:59:17,IP Address,86.169.80.182,100,140,True,2021-06-17 14:59:17,R_1r37IO94gup9znp,,,,,54.9882049560546875,-3.2653045654296875,anonymous,EN,I agree,Somewhat approve,Barack Obama,62,England,5996a2a260937e00018997e3,Woman,White-British,,,First degree or equivalent,,True,True,False,False,,False,"Yes, I voted.",Scottish National Party,,SNP,complete,,
2021-06-17 14:56:29,2021-06-17 14:59:52,IP Address,146.198.26.16,100,203,True,2021-06-17 14:59:54,R_2CV7UMjP2otoOL1,,,,,53.240203857421875,-2.9087982177734375,anonymous,EN,I agree,Somewhat approve,Barack Obama,53,England,6054f6bfbbfeb0fa319b6297,Woman,White-British,,,"GCSE D-G, CSE grades 2-5, O level D-E",,True,,False,True,True,,"Yes, I voted.",Conservative Party,,Labour,complete,,
2021-06-17 15:04:01,2021-06-17 15:05:51,IP Address,148.252.129.21,100,110,True,2021-06-17 15:05:52,R_AHeiIhd6AgOz7u9,,,,,51.49639892578125,-0.122406005859375,anonymous,EN,I agree,Somewhat approve,Barack Obama,27,England,5ed2ad10a45ef20a9b1412eb,Man,White-British,,,"GCSE A* -C, CSE grade 1, O level grade A-C",,,False,,,True,,"Yes, I voted.","Labour Party ",,Labour,complete,,
2021-06-17 15:04:33,2021-06-17 15:06:01,IP Address,84.67.101.70,100,87,True,2021-06-17 15:06:01,R_3fuyQLbBTxKYPZ5,,,,,51.524505615234375,-0.0254974365234375,anonymous,EN,I agree,Somewhat approve,Barack Obama,32,England,5e11fd0c2b12bd86a968f56d,Woman,White-British,,,First degree or equivalent,,True,True,False,False,True,,"Yes, I voted.","Labour Party ",,Green,complete,,
2021-06-17 15:05:11,2021-06-17 15:06:44,IP Address,86.2.219.189,100,92,True,2021-06-17 15:06:46,R_1odPLtCSokwTlCJ,,,,,55.7086944580078125,-4.539306640625,anonymous,EN,I agree,Somewhat approve,Barack Obama,29,Scotland,601c7aae8706d67b0a8edd74,Man,White-British,,,"GCSE D-G, CSE grades 2-5, O level D-E",,True,False,False,True,True,False,"No, I did not vote.",Prefer not to say,,SNP,complete,,
2021-06-17 15:04:55,2021-06-17 15:06:46,IP Address,92.25.28.130,100,110,True,2021-06-17 15:06:46,R_0e4pqxGiTnGiDbX,,,,,50.9468994140625,-1.41119384765625,anonymous,EN,I agree,Somewhat approve,Barack Obama,44,England,5c5ad828903c7700010a4635,Woman,White-British,,,"GCSE A* -C, CSE grade 1, O level grade A-C",,,False,False,False,True,False,"Yes, I voted.",Liberal Democrats,,None,complete,,
2021-06-17 15:04:35,2021-06-17 15:06:50,IP Address,82.132.212.113,100,135,True,2021-06-17 15:06:51,R_XMwSNpmMXUT5NzH,,,,,51.4622955322265625,-2.550201416015625,anonymous,EN,I agree,Somewhat approve,Barack Obama,38,England,5c50d4da1b67050001c0eff2,Woman,White-British,,,First degree or equivalent,,True,True,False,False,True,False,"Yes, I voted.","Labour Party ",,Liberal Democrat,complete,,
2021-06-17 15:05:52,2021-06-17 15:07:17,IP Address,37.60.108.73,100,85,True,2021-06-17 15:07:17,R_22Jkm4ErUuBQ5qN,,,,,52.192901611328125,0.1255950927734375,anonymous,EN,I agree,Somewhat approve,Barack Obama,23,England,60cb4227e6e8c80e4243b1db,Woman,White-British,,,First degree or equivalent,,True,,False,True,True,True,"Yes, I voted.",Conservative Party,,Conservative,complete,,
2021-06-17 15:05:51,2021-06-17 15:07:38,IP Address,109.249.181.97,100,107,True,2021-06-17 15:07:38,R_1dGrSdDpCXszJil,,,,,52.4759063720703125,-1.851593017578125,anonymous,EN,I agree,Somewhat approve,Barack Obama,26,England,5e4c3463d4ca76055e608ae2,Woman,White-British,,,First degree or equivalent,,,False,False,,,False,"Yes, I voted.","Labour Party ",,Labour,complete,,
2021-06-17 15:05:15,2021-06-17 15:07:48,IP Address,92.23.222.5,100,152,True,2021-06-17 15:07:48,R_ODx5sxOqgjdDkAN,,,,,51.583404541015625,-0.07550048828125,anonymous,EN,I agree,Somewhat approve,Barack Obama,34,Northern Ireland,60c9fc3feb6c906cad92de96,Woman,White-British,,,A level or equivalent,,True,,False,,,False,"Yes, I voted.","Labour Party ",,Prefer not to say,complete,,
2021-06-17 15:05:52,2021-06-17 15:09:17,IP Address,137.205.1.197,100,204,True,2021-06-17 15:09:18,R_1jYOWYq4VBO1JeN,,,,,52.3820037841796875,-1.58740234375,anonymous,EN,I agree,Somewhat approve,Barack Obama,19,Other,60ca20a5bd71514ecaa909ca,Man,White-other origin,,,A level or equivalent,,True,,False,True,True,False,"Yes, I voted.","Labour Party ",,Labour,complete,,
2021-06-17 15:07:45,2021-06-17 15:09:21,IP Address,31.48.58.136,100,95,True,2021-06-17 15:09:21,R_10N5ec94xiDubVb,,,,,56.0348052978515625,-3.4980926513671875,anonymous,EN,I agree,Somewhat approve,Barack Obama,26,Scotland,5d11497994d33a000123fc3a,Woman,White-British,,,A level or equivalent,,True,False,,,True,False,"Yes, I voted.",Scottish National Party,,SNP,complete,,
2021-06-17 15:07:48,2021-06-17 15:09:23,IP Address,89.240.82.157,100,95,True,2021-06-17 15:09:23,R_3NVqTsQlgSKs13N,,,,,52.4391021728515625,-1.50390625,anonymous,EN,I agree,Somewhat approve,Barack Obama,25,Other,5fcf580e38a75a2824e4cebd,Woman,Asian-other origin,,,Postgraduate degree,,True,True,True,True,,False,"Yes, I voted.","Labour Party ",,Labour,complete,,
2021-06-17 15:09:05,2021-06-17 15:10:11,IP Address,82.19.245.82,100,65,True,2021-06-17 15:10:11,R_1jZM89OmyoGpCNa,,,,,50.7333984375,-1.9246063232421875,anonymous,EN,I agree,Somewhat approve,Barack Obama,26,England,596a3b32670f410001fe95d9,Woman,White-British,,,A level or equivalent,,True,,False,,True,,"Yes, I voted.","Labour Party ",,Labour,complete,,
2021-06-17 15:09:50,2021-06-17 15:11:30,IP Address,82.132.242.179,100,99,True,2021-06-17 15:11:30,R_tLPGzrC9YVVZfln,,,,,52.9647979736328125,-1.21319580078125,anonymous,EN,I agree,Somewhat approve,Barack Obama,29,England,5f809a15a2b9dd0e14ca0f23,Woman,White-British,,,"GCSE D-G, CSE grades 2-5, O level D-E",,,,False,,,,"No, I did not vote.",Don't remember/Don't know,,Labour,complete,,
2021-06-17 15:10:24,2021-06-17 15:12:05,IP Address,94.1.0.58,100,101,True,2021-06-17 15:12:05,R_3sBRdR1EvBfziFS,,,,,55.8865966796875,-3.6981964111328125,anonymous,EN,I agree,Somewhat dissaprove,Barack Obama,24,Scotland,5c45b52c016e2f00017e6f53,Man,White-British,,,First degree or equivalent,,,,False,True,True,,"Yes, I voted.",Green Party,,Green,complete,,
2021-06-17 15:10:37,2021-06-17 15:13:47,IP Address,80.2.140.132,100,189,True,2021-06-17 15:13:48,R_1IFWN3HA7FoWKTY,,,,,53.4141998291015625,-2.227996826171875,anonymous,EN,I agree,Somewhat approve,Barack Obama,20,England,"5ddc1a07946f7cb8139ac01c
",Man,White-British,,,A level or equivalent,,True,True,True,False,True,False,"Yes, I voted.",Green Party,,Green,complete,,
2021-06-17 15:12:00,2021-06-17 15:14:09,IP Address,92.18.38.180,100,128,True,2021-06-17 15:14:09,R_3PZXD7Hz7yxseyI,,,,,51.486602783203125,-1.7570037841796875,anonymous,EN,I agree,Somewhat approve,Barack Obama,26,Other,5fa4271dee8fd604b49eef46,Woman,Asian-Chinese origin,,,Postgraduate degree,,True,False,False,True,True,False,"Yes, I voted.",Prefer not to say,,Prefer not to say,complete,,
2021-06-17 15:12:46,2021-06-17 15:14:46,IP Address,82.46.118.2,100,120,True,2021-06-17 15:14:46,R_3KqkdvfUzJ9OA4n,,,,,51.546600341796875,-0.123199462890625,anonymous,EN,I agree,Somewhat approve,Barack Obama,28,England,60c9236de07c3afbb7e4c122,Woman,White-Irish,,,Postgraduate degree,,True,True,False,True,True,False,"Yes, I voted.","Labour Party ",,Labour,complete,,
2021-06-17 15:12:16,2021-06-17 15:15:09,IP Address,87.75.186.48,100,173,True,2021-06-17 15:15:09,R_3JtuqYJVIKg2wKp,,,,,52.3842010498046875,-2.2223968505859375,anonymous,EN,I agree,Somewhat approve,Barack Obama,51,England,59bba0470ac77f0001f053a5,Woman,Mixed origin,"mixed origin that includes British ",,First degree or equivalent,,True,True,False,False,True,False,"Yes, I voted.","Labour Party ",,Green,complete,,
2021-06-17 15:13:24,2021-06-17 15:15:11,IP Address,167.98.166.44,100,106,True,2021-06-17 15:15:11,R_3fqtS78aHkwLDqf,,,,,51.5074005126953125,-0.119598388671875,anonymous,EN,I agree,Somewhat approve,Barack Obama,30,England,5ea601fe68d1210be8aac48d,Woman,White-British,,,First degree or equivalent,,True,,False,False,True,True,"Yes, I voted.","Labour Party ",,Labour,complete,,
2021-06-17 15:12:37,2021-06-17 15:15:28,IP Address,92.13.133.18,100,170,True,2021-06-17 15:15:29,R_3FVTvJ8gi2qdyQv,,,,,50.3679962158203125,-4.132904052734375,anonymous,EN,I agree,Somewhat approve,Barack Obama,23,England,5edd263a2514f6a1f7efe19a,Woman,White-British,,,A level or equivalent,,True,False,False,,,,"Yes, I voted.","Labour Party ",,Labour,complete,,
2021-06-17 15:13:36,2021-06-17 15:16:04,IP Address,86.9.41.140,100,147,True,2021-06-17 15:16:04,R_9SjFs4OAQOS3y3D,,,,,54.5503997802734375,-1.253204345703125,anonymous,EN,I agree,Somewhat approve,Barack Obama,31,England,5f511cdb275a742f89f0b9bf,Woman,White-British,,,"GCSE A* -C, CSE grade 1, O level grade A-C",,True,False,False,False,True,True,"Yes, I voted.",Conservative Party,,Don't know,complete,,
